Fold_AUC,Fold_Recall
0.7366666666666667,0.6
0.9422222222222222,1.0
0.8077777777777777,0.8
0.6641975308641975,0.4444444444444444
0.8606741573033708,0.8
